연도,월,일,순위,영화명,매출액,매출액_점유율,관객수,스크린수,상영횟수,대표국적,국적,배급사,개봉일
2005,8,4,1,웰컴 투 동막골,40328508500,0.052,6436508,356,72108,한국,한국,(주)쇼박스,2005-08-04T00:00:00Z
2005,9,7,2,가문의 위기(가문의 영광2),28622355500,0.037,4529876,351,61009,한국,한국,(주)쇼박스,2005-09-07T00:00:00Z
2005,1,27,3,말아톤,26284943000,0.034,4196840,238,59493,한국,한국,(주)쇼박스,2005-01-27T00:00:00Z
2005,12,1,4,해리 포터와 불의 잔,20628374500,0.026,3301353,504,40260,미국,미국,워너브러더스 코리아(주),2005-12-01T00:00:00Z
2005,7,21,5,아일랜드,20363994500,0.026,3218811,340,35990,미국,미국,워너브러더스 코리아(주),2005-07-21T00:00:00Z
2005,1,27,6,공공의 적 2,20091127000,0.026,3134421,299,40642,한국,한국,(주)시네마서비스,2005-01-27T00:00:00Z
2005,7,29,7,친절한 금자씨,20483051393,0.026,3119682,386,41438,한국,한국,CJ ENM,2005-07-29T00:00:00Z
2005,12,14,8,태풍,19372557600,0.025,3035086,481,36678,한국,한국,CJ ENM,2005-12-14T00:00:00Z
2005,6,16,9,미스터 & 미세스 스미스,18900071500,0.024,2963193,302,45087,미국,미국,이십세기폭스필름코퍼레이션,2005-06-16T00:00:00Z
2005,9,23,10,너는 내 운명,17653752500,0.023,2701230,306,46667,한국,한국,CJ ENM,2005-09-23T00:00:00Z
2005,7,7,11,우주전쟁,16758594690,0.021,2642874,401,37362,미국,미국,UIP코리아,2005-07-07T00:00:00Z
2005,3,10,12,마파도,16751202503,0.021,2636857,178,49473,한국,한국,CJ ENM,2005-03-10T00:00:00Z
2005,10,7,13,내 생애 가장 아름다운 일주일,14710541000,0.019,2290709,296,41056,한국,한국,CJ ENM,2005-10-07T00:00:00Z
2005,12,14,14,킹콩,13690627700,0.018,2211462,319,21052,미국,미국,UIP코리아,2005-12-14T00:00:00Z
2005,8,11,15,박수칠 때 떠나라,13181626500,0.017,2073641,237,32149,한국,한국,(주)시네마서비스,2005-08-11T00:00:00Z
2005,11,23,16,광식이 동생 광태,12808604009,0.016,2024424,276,35674,한국,한국,(주)엠케이픽처스,2005-11-23T00:00:00Z
2005,5,4,17,혈의 누,12367486506,0.016,1926592,264,35167,한국,한국,(주)시네마서비스,2005-05-04T00:00:00Z
2005,4,28,18,댄서의 순정,11674131000,0.015,1856759,240,36482,한국,한국,쇼이스트(주),2005-04-28T00:00:00Z
2005,2,8,19,콘스탄틴,11164582000,0.0139999999999999,1736163,177,26430,미국,미국,워너브러더스 코리아(주),2005-02-08T00:00:00Z
2005,3,17,20,잠복근무,9590415500,0.012,1533175,214,32266,한국,한국,(주)쇼박스,2005-03-17T00:00:00Z
2005,6,10,21,연애의 목적,9846423390,0.013,1524898,243,29871,한국,한국,CJ ENM,2005-06-10T00:00:00Z
2004,12,23,22,하울의 움직이는 성,9123456000,0.012,1466554,183,22300,일본,일본,"(주)이수C&E,(주)시네마서비스",2004-12-23T00:00:00Z
2005,5,26,23,스타워즈 에피소드3 - 시스의복수,9325891000,0.012,1464792,272,28465,미국,미국,이십세기폭스필름코퍼레이션,2005-05-26T00:00:00Z
2005,4,1,24,주먹이 운다(Crying Fist),9322812000,0.012,1462972,249,32964,한국,한국,쇼이스트(주),2005-04-01T00:00:00Z
2005,7,14,25,마다가스카,8655327500,0.011,1391221,298,30109,미국,미국,CJ ENM,2005-07-14T00:00:00Z
2005,10,27,26,야수와 미녀,8378297000,0.011,1339833,202,29101,한국,한국,(주)쇼박스,2005-10-27T00:00:00Z
2005,6,9,27,간 큰 가족,8212961893,0.011,1305518,247,31517,한국,한국,(주)쇼박스,2005-06-09T00:00:00Z
2005,9,16,28,찰리와 초콜릿 공장,7831016503,0.01,1282348,134,19793,미국,미국,워너브러더스 코리아(주),2005-09-16T00:00:00Z
2005,12,21,29,작업의 정석,7883887000,0.01,1257923,260,15454,한국,한국,(주)쇼박스,2005-12-21T00:00:00Z
2005,5,4,30,킹덤 오브 헤븐,7805432000,0.01,1235768,247,26594,미국,미국,이십세기폭스필름코퍼레이션,2005-05-04T00:00:00Z
2005,2,3,31,B형 남자친구,7324579000,0.009,1174581,167,20316,한국,한국,롯데쇼핑㈜롯데엔터테인먼트,2005-02-03T00:00:00Z
2005,4,1,32,달콤한 인생,7230710500,0.009,1112277,265,30655,한국,한국,CJ ENM,2005-04-01T00:00:00Z
2005,6,30,33,분홍신,6768135000,0.009,1072940,182,22227,한국,한국,(주)쇼박스,2005-06-30T00:00:00Z
2004,12,31,34,알렉산더,6856981789,0.009,1070986,213,14124,미국,미국,(주)시네마서비스,2004-12-31T00:00:00Z
2005,11,10,35,미스터 소크라테스,6765653000,0.009,1066103,205,22921,한국,한국,롯데쇼핑㈜롯데엔터테인먼트,2005-11-10T00:00:00Z
2004,12,31,36,내셔널 트레져,6615977000,0.008,1029385,145,15222,미국,미국,한국소니픽쳐스릴리징브에나비스타영화㈜,2004-12-31T00:00:00Z
2005,5,20,37,연애술사,6383653500,0.008,1014372,155,23610,한국,한국,CJ ENM,2005-05-20T00:00:00Z
2005,2,18,38,파송송 계란탁,6292855500,0.008,1003026,155,21505,한국,한국,CJ ENM,2005-02-18T00:00:00Z
2005,7,15,39,천군,5852391000,0.00699999999999999,933147,186,18850,한국,한국,(주)쇼박스,2005-07-15T00:00:00Z
2005,5,27,40,"안녕, 형아",5614875500,0.00699999999999999,924019,158,24235,한국,한국,(주)시네마서비스,2005-05-27T00:00:00Z
2005,9,8,41,형사 Duelist,5840528000,0.00699999999999999,920947,292,22217,한국,한국,코리아픽쳐스(주),2005-09-08T00:00:00Z
2005,10,20,42,새드무비,5628200500,0.00699999999999999,902077,262,21670,한국,한국,"롯데쇼핑㈜롯데엔터테인먼트,아이러브시네마",2005-10-20T00:00:00Z
2005,1,7,43,샤크,5577637500,0.00699999999999999,897731,185,17953,미국,미국,CJ ENM,2005-01-07T00:00:00Z
2005,2,3,44,그때 그 사람들,5777895500,0.00699999999999999,890601,140,16471,한국,한국,(주)엠케이픽처스,2005-02-03T00:00:00Z
2005,5,19,45,남극일기,5478113500,0.00699999999999999,871235,244,18655,한국,한국,(주)쇼박스,2005-05-19T00:00:00Z
2005,6,24,46,배트맨 비긴즈,5552226000,0.00699999999999999,869244,228,20099,미국,미국,워너브러더스 코리아(주),2005-06-24T00:00:00Z
2005,10,27,47,오로라 공주,5365343000,0.00699999999999999,830538,185,20738,한국,한국,(주)시네마서비스,2005-10-27T00:00:00Z
2005,9,29,48,강력 3반,5053205500,0.006,828112,174,19950,한국,한국,롯데쇼핑㈜롯데엔터테인먼트,2005-09-29T00:00:00Z
2005,1,14,49,쿵푸 허슬,5309283000,0.00699999999999999,823559,148,17201,중국,중국,소니픽쳐스릴리징코리아,2005-01-14T00:00:00Z
2005,1,14,50,몽정기2,5110555000,0.00699999999999999,813164,147,15130,한국,한국,롯데쇼핑㈜롯데엔터테인먼트,2005-01-14T00:00:00Z
2005,1,7,51,오션스 트웰브,5185799000,0.00699999999999999,800323,152,14141,호주,"호주,미국",워너브러더스 코리아(주),2005-01-07T00:00:00Z
2005,1,28,52,레모니 스니켓의 위험한 대결,4759572000,0.006,763829,134,14209,미국,미국,CJ ENM,2005-01-28T00:00:00Z
2005,3,10,53,밀리언 달러 베이비,4673595179,0.006,724571,159,17228,미국,미국,"(주)노바미디어,(주)튜브엔터테인먼트",2005-03-10T00:00:00Z
2005,11,17,54,그림형제 : 마르바덴 숲의 전설,4587244000,0.006,723385,183,16690,미국,미국,쇼이스트(주),2005-11-17T00:00:00Z
2005,12,29,55,왕의 남자,4409503500,0.006,719782,259,4994,한국,한국,(주)시네마서비스,2005-12-29T00:00:00Z
2005,2,25,56,숨바꼭질,4385704000,0.006,688853,108,14365,미국,미국,이십세기폭스필름코퍼레이션,2005-02-25T00:00:00Z
2005,11,18,57,플라이트 플랜,4347551500,0.006,687833,164,16183,미국,미국,브에나비스타인터내셔널코리아,2005-11-18T00:00:00Z
2005,8,18,58,"이대로, 죽을 순 없다(Short Time)",4266661500,0.005,679352,164,16389,한국,한국,쇼이스트(주),2005-08-18T00:00:00Z
2005,9,7,59,외출,4376240500,0.006,678786,244,21684,한국,한국,쇼이스트(주),2005-09-07T00:00:00Z
2005,11,23,60,나의 결혼원정기,3860195500,0.005,632553,237,17814,한국,한국,롯데쇼핑㈜롯데엔터테인먼트,2005-11-23T00:00:00Z
2005,7,28,61,로봇(애니),3745179500,0.005,623273,176,13356,미국,미국,이십세기폭스필름코퍼레이션,2005-07-28T00:00:00Z
2005,12,29,62,"나니아 연대기-사자,마녀 그리고 옷장",3822499800,0.005,621573,275,6436,미국,미국,브에나비스타인터내셔널코리아,2005-12-29T00:00:00Z
2005,2,18,63,에비에이터,3953937000,0.005,616072,139,12249,독일,독일,코리아픽쳐스(주),2005-02-18T00:00:00Z
2005,3,11,64,Mr.히치: 당신을 위한 데이트 코치,3966502500,0.005,607754,142,15423,미국,미국,소니픽쳐스릴리징코리아,2005-03-11T00:00:00Z
2005,12,1,65,6월의 일기,3645962000,0.005,593867,169,15245,한국,한국,(주)쇼박스,2005-12-01T00:00:00Z
2005,8,11,66,판타스틱4,3498924500,0.004,560275,147,11363,미국,미국,이십세기폭스코리아(주),2005-08-11T00:00:00Z
2005,5,26,67,그루지,3412668000,0.004,553014,124,15369,일본,일본,(주)튜브엔터테인먼트,2005-05-26T00:00:00Z
2005,7,28,68,스텔스,3364375000,0.004,532360,175,12135,미국,미국,소니픽쳐스릴리징코리아,2005-07-28T00:00:00Z
2005,11,18,69,무영검,3306109500,0.004,519721,264,18140,한국,한국,CJ ENM,2005-11-18T00:00:00Z
2005,4,15,70,역전의 명수,3222783000,0.004,510290,178,17754,한국,한국,(주)시네마서비스,2005-04-15T00:00:00Z
2005,4,29,71,트리플 X2 : 넥스트 레벨,2951349000,0.004,465276,155,16032,미국,미국,소니픽쳐스릴리징코리아,2005-04-29T00:00:00Z
2005,10,13,72,신화 : 진시황릉의 비밀,2794772500,0.004,449172,167,12707,홍콩,홍콩,"씨네그루(주)다우기술,쇼이스트(주)",2005-10-13T00:00:00Z
2005,8,12,73,가발,2816190000,0.004,448161,145,10156,한국,한국,CJ ENM,2005-08-12T00:00:00Z
2005,1,14,74,키다리 아저씨,2787774500,0.004,440554,121,11269,한국,한국,CJ ENM,2005-01-14T00:00:00Z
2005,11,3,75,유령신부(애니),2738055000,0.004,433715,124,13179,영국,영국,워너브러더스 코리아(주),2005-11-03T00:00:00Z
2005,6,24,76,사하라,2615859500,0.003,411424,182,12882,미국,미국,CJ ENM,2005-06-24T00:00:00Z
2005,9,15,77,신데렐라맨,2561822500,0.003,405215,145,9476,미국,미국,브에나비스타인터내셔널코리아,2005-09-15T00:00:00Z
2005,7,15,78,여고괴담 4 : 목소리,2474641500,0.003,397327,167,12931,한국,한국,(주)시네마서비스,2005-07-15T00:00:00Z
2005,3,18,79,호스티지,2416540003,0.003,379707,129,11559,미국,미국,쇼이스트(주),2005-03-18T00:00:00Z
2005,1,14,80,월드 오브 투모로우,2252013000,0.003,350356,129,9109,미국,미국,(주)쇼박스,2005-01-14T00:00:00Z
2005,11,4,81,월래스와 그로밋 : 거대토끼의 저주,2146946500,0.003,350074,180,11256,영국,영국,CJ ENM,2005-11-04T00:00:00Z
2005,11,3,82,"사랑해, 말순씨",2191787000,0.003,349118,170,12364,한국,한국,쇼이스트(주),2005-11-03T00:00:00Z
2005,8,18,83,옹박 : 두번째 미션,2125663500,0.003,341968,137,10769,태국,태국,(주)쇼박스,2005-08-18T00:00:00Z
2005,1,21,84,뉴 폴리스 스토리,2138199000,0.003,341223,125,9149,홍콩,홍콩,"(유)영화사 화수분,코리아픽쳐스(주)",2005-01-21T00:00:00Z
2005,9,30,85,미스터 주부퀴즈왕,2106892000,0.003,337772,180,11295,한국,한국,(주)쇼박스,2005-09-30T00:00:00Z
2005,9,16,86,더 독,2024843500,0.003,321204,113,8687,프랑스,프랑스,"(주)아펙스 엔터테인먼트,UIP코리아",2005-09-16T00:00:00Z
2005,4,21,87,어바웃 러브,2071989000,0.003,318355,121,11232,영국,영국,(주)튜브엔터테인먼트,2005-04-21T00:00:00Z
2005,6,30,88,씬 시티,2024599506,0.003,311066,126,8665,미국,미국,쇼이스트(주),2005-06-30T00:00:00Z
2005,9,9,89,나이트 플라이트,1918951500,0.002,296670,122,10204,미국,미국,CJ ENM,2005-09-09T00:00:00Z
2005,10,28,90,레전드 오브 조로,1844907000,0.002,295068,151,9199,미국,미국,소니픽쳐스릴리징코리아,2005-10-28T00:00:00Z
2005,4,29,91,착신아리2,1791015000,0.002,292882,112,10713,일본,일본,CJ ENM,2005-04-29T00:00:00Z
2005,6,30,92,셔터,1828426000,0.002,291218,111,9260,태국,태국,CJ ENM,2005-06-30T00:00:00Z
2005,9,29,93,칠검,1825137500,0.002,285194,159,10097,홍콩,홍콩,(주)튜브엔터테인먼트,2005-09-29T00:00:00Z
2004,12,15,94,인크레더블,1736405000,0.002,277928,110,6031,미국,미국,한국소니픽쳐스릴리징브에나비스타영화㈜,2004-12-15T00:00:00Z
2005,8,25,95,애프터 선셋,1686015000,0.002,270895,115,8702,미국,미국,롯데쇼핑㈜롯데엔터테인먼트,2005-08-25T00:00:00Z
2005,4,22,96,인터프리터,1736661500,0.002,269511,90,7454,영국,영국,UIP코리아,2005-04-22T00:00:00Z
2005,12,1,97,저스트 라이크 헤븐,1683002000,0.002,259980,116,8935,미국,미국,CJ ENM,2005-12-01T00:00:00Z
2005,3,10,98,쏘우,1553548500,0.002,240745,99,8841,미국,미국,(주)영화사한결,2005-03-10T00:00:00Z
2005,4,15,99,미트 페어런츠2,1532798500,0.002,235418,135,10029,미국,미국,CJ ENM,2005-04-15T00:00:00Z
2005,8,25,100,그녀는 요술쟁이,1501346500,0.002,234899,115,7604,미국,미국,소니픽쳐스릴리징코리아,2005-08-25T00:00:00Z
2004,12,30,101,신석기 블루스,1493666000,0.002,233645,99,6560,한국,한국,(주)쇼박스,2004-12-30T00:00:00Z
2005,12,22,102,파랑주의보,1427060500,0.002,232809,128,5704,한국,한국,아이러브시네마,2005-12-22T00:00:00Z
2005,6,2,103,pm 11:14,1472278500,0.002,228934,78,6943,미국,미국,(주)쇼박스,2005-06-02T00:00:00Z
2005,5,20,104,하우스 오브 왁스,1479334000,0.002,227785,85,6551,미국,미국,워너브러더스 코리아(주),2005-05-20T00:00:00Z
2005,12,29,105,청연,1361242000,0.002,223620,164,3257,한국,한국,코리아픽쳐스(주),2005-12-29T00:00:00Z
2005,2,3,106,클로저,1448878000,0.002,220185,89,6544,미국,미국,"(주)스튜디오디에이치엘,(주)퍼스트런,글뫼 주식회사,소니픽쳐스릴리징코리아",2005-02-03T00:00:00Z
2005,2,18,107,"제니, 주노",1283847500,0.002,216516,99,7606,한국,한국,쇼이스트(주),2005-02-18T00:00:00Z
NA,NA,NA,108,2005 [통합]패키지영화,1504336000,0.002,215762,18,6102,기타,기타,NA,NA
2005,10,20,109,케이브,1355444500,0.002,214045,104,7481,독일,독일,CJ ENM,2005-10-20T00:00:00Z
2005,2,25,110,레이,1414896500,0.002,213916,66,5732,미국,미국,UIP코리아,2005-02-25T00:00:00Z
2005,2,18,111,레드 아이,1313457500,0.002,210793,86,7241,한국,한국,영화사청어람(주),2005-02-18T00:00:00Z
2005,12,8,112,프라임 러브,1308088500,0.002,209747,136,6293,미국,미국,(주)튜브엔터테인먼트,2005-12-08T00:00:00Z
2005,11,11,113,"소년, 천국에 가다",1258000500,0.002,207189,193,7884,한국,한국,"(주)쇼박스,영화사청어람(주)",2005-11-11T00:00:00Z
2005,6,16,114,텍사스 전기톱 연쇄살인사건,1294883500,0.002,201990,97,7637,미국,미국,(주)쇼박스,2005-06-16T00:00:00Z
2005,2,25,115,네버랜드를 찾아서,1287392500,0.002,200339,52,4852,미국,미국,브에나비스타인터내셔널코리아,2005-02-25T00:00:00Z
2005,8,26,116,인 굿 컴퍼니,1212345000,0.002,185385,99,5388,미국,미국,스폰지,2005-08-26T00:00:00Z
2005,6,3,117,링2(2005),1145685003,0.001,183318,111,7030,미국,미국,CJ ENM,2005-06-03T00:00:00Z
2005,5,4,118,밀리언즈,1091577000,0.001,178569,93,7253,영국,영국,CJ ENM,2005-05-04T00:00:00Z
2004,12,8,119,오페라의 유령,1165129500,0.001,178053,110,3786,미국,미국,"(주)팝엔터테인먼트,(주)드림팩트엔터테인먼트,CJ ENM",2004-12-08T00:00:00Z
2005,1,21,120,엘렉트라,1126857500,0.001,173048,71,4641,미국,미국,이십세기폭스필름코퍼레이션,2005-01-21T00:00:00Z
2005,11,10,121,이터널 선샤인,1097996500,0.001,167649,79,4541,미국,미국,"(주)노바미디어,코리아픽쳐스(주)",2005-11-10T00:00:00Z
2005,3,25,122,"지금, 만나러 갑니다",1031872500,0.001,165601,120,6467,일본,일본,"(주)디스테이션,(주)엔케이컨텐츠,롯데쇼핑㈜롯데엔터테인먼트",2005-03-25T00:00:00Z
2005,4,7,123,엄마,978382500,0.001,161780,113,8844,한국,한국,영화사청어람(주),2005-04-07T00:00:00Z
2005,8,18,124,첼로-홍미주 일가 살인사건,985067500,0.001,158318,124,6573,한국,한국,(주)튜브엔터테인먼트,2005-08-18T00:00:00Z
2005,5,20,125,"우리, 사랑일까요?",962282500,0.001,146628,69,4538,미국,미국,브에나비스타인터내셔널코리아,2005-05-20T00:00:00Z
2005,9,1,126,크림슨 리버2,883701500,0.001,140692,114,5227,프랑스,"프랑스,영국,이탈리아",미디어라인코리아,2005-09-01T00:00:00Z
2005,4,1,127,미스 에이전트2 : 라스베가스 잠입사건,890738500,0.001,139358,102,6022,미국,미국,워너브러더스 코리아(주),2005-04-01T00:00:00Z
2005,10,13,128,당신이 사랑하는 동안에,892170500,0.001,137954,103,5605,미국,미국,"(주)에이앤비픽쳐스,(주)쇼박스",2005-10-13T00:00:00Z
2005,9,29,129,사랑니,867603000,0.001,135505,144,6878,한국,한국,(주)시네마서비스,2005-09-29T00:00:00Z
2005,10,20,130,베니스의 상인,800152000,0.001,132117,81,4088,이탈리아,이탈리아,미디어라인코리아,2005-10-20T00:00:00Z
2005,8,5,131,발리언트(애니),766611500,0.001,128422,103,4872,영국,영국,브에나비스타인터내셔널코리아,2005-08-05T00:00:00Z
2010,1,28,132,유희왕,622880000,0.001,126403,29,1881,일본,일본,에이원엔터테인먼트,2010-01-28T00:00:00Z
2005,4,7,133,블랙아웃,789750000,0.001,123686,76,5754,독일,독일,(주)쇼박스,2005-04-07T00:00:00Z
2005,9,2,134,게스후,791249500,0.001,123103,110,4585,미국,미국,이십세기폭스필름코퍼레이션,2005-09-02T00:00:00Z
2005,10,7,135,날 미치게하는 남자,677438000,0.001,109955,78,4186,미국,미국,이십세기폭스필름코퍼레이션,2005-10-07T00:00:00Z
2005,10,20,136,퍼펙트 웨딩(몬스터 인 로),695278500,0.001,109414,105,4969,미국,미국,(주)튜브엔터테인먼트,2005-10-20T00:00:00Z
2005,2,24,137,나인 야드 2,661030500,0.001,103526,78,4853,미국,미국,(주)쇼박스,2005-02-24T00:00:00Z
2005,11,18,138,로드 오브 워,647809000,0.001,103445,98,4062,미국,미국,미디어필름인터내셔날(주),2005-11-18T00:00:00Z
2005,12,8,139,애인,625824000,0.001,98639,114,5289,한국,한국,(주)쇼박스,2005-12-08T00:00:00Z
2005,3,3,140,코러스,628070000,0.001,98120,106,5329,프랑스,프랑스,(주)영화사한결,2005-03-03T00:00:00Z
2004,12,8,141,브리짓 존스의 일기2 : 열정과 애정,651640500,0.001,97760,85,2529,영국,영국,UIP코리아,2004-12-08T00:00:00Z
2005,3,25,142,윔블던,631922000,0.001,96108,67,3602,영국,영국,UIP코리아,2005-03-25T00:00:00Z
2005,4,15,143,아나콘다2 : 사라지지 않는 저주,558068500,0.001,90368,52,5286,미국,미국,소니픽쳐스릴리징코리아,2005-04-15T00:00:00Z
2005,10,20,144,트랜스포터 엑스트림,572707000,0.001,89988,66,4026,미국,미국,이십세기폭스필름코퍼레이션,2005-10-20T00:00:00Z
2004,12,23,145,폴라 익스프레스,559723500,0.001,89004,97,2656,미국,미국,워너브러더스 코리아(주),2004-12-23T00:00:00Z
2005,7,7,146,어썰트 13,541514000,0.001,84872,99,4426,미국,미국,(주)튜브엔터테인먼트,2005-07-07T00:00:00Z
2005,7,1,147,아미티빌 호러,527182500,0.001,83166,93,4864,미국,미국,브에나비스타인터내셔널코리아,2005-07-01T00:00:00Z
2005,10,14,148,4 브라더스,519182000,0.001,79811,92,4540,미국,미국,UIP코리아,2005-10-14T00:00:00Z
2005,1,21,149,"나를 책임져, 알피",527889500,0.001,78712,60,2491,미국,미국,UIP코리아,2005-01-21T00:00:00Z
2005,8,11,150,펭귄 - 위대한 모험(다큐),471531000,0.001,78473,52,1999,프랑스,프랑스,(주)튜브엔터테인먼트,2005-08-11T00:00:00Z
2005,11,18,151,엘리자베스타운,507710000,0.001,77588,97,3332,미국,미국,UIP코리아,2005-11-18T00:00:00Z
2005,9,2,152,랜드 오브 데드,494821500,0.001,76312,99,3818,미국,미국,UIP코리아,2005-09-02T00:00:00Z
2005,7,28,153,부기맨,471884500,0.001,75950,77,3225,미국,미국,(주)쇼박스,2005-07-28T00:00:00Z
2005,8,11,154,왕후 심청,418627000,0.001,71223,57,2015,한국,한국,(주)영화사한결,2005-08-11T00:00:00Z
2005,9,30,155,보글보글 스폰지밥(애니),376411000,0,69501,28,1337,미국,미국,UIP코리아,2005-09-30T00:00:00Z
2004,12,15,156,역도산,432178000,0.001,66723,106,2679,한국,한국,CJ ENM,2004-12-15T00:00:00Z
NA,NA,NA,157,2005 [통합]영화제/기획전/회고전 등,361763000,0,66102,5,1679,NA,NA,NA,NA
2005,5,13,158,코치 카터,404740500,0.001,65123,63,2928,미국,미국,UIP코리아,2005-05-13T00:00:00Z
2005,12,15,159,"우리, 사랑해도 되나요?",419655500,0.001,64912,83,3018,미국,미국,이십세기폭스필름코퍼레이션,2005-12-15T00:00:00Z
2004,12,15,160,블레이드 3,408863000,0.001,62553,72,2081,미국,미국,(주)쇼박스,2004-12-15T00:00:00Z
2005,6,3,161,패시파이어,386603500,0,61132,40,2625,미국,미국,브에나비스타인터내셔널코리아,2005-06-03T00:00:00Z
2005,1,21,162,마더 데레사,341783000,0,58625,22,2515,이탈리아,이탈리아,미디어필름인터내셔날(주),2005-01-21T00:00:00Z
2005,8,4,163,스팀보이,351318000,0,55915,22,1598,일본,일본,대원씨앤에이홀딩스,2005-08-04T00:00:00Z
2005,2,4,164,피닉스,332452000,0,51901,70,3268,미국,미국,이십세기폭스필름코퍼레이션,2005-02-04T00:00:00Z
2005,1,21,165,큐브 제로,336867000,0,51420,60,2231,캐나다,캐나다,(주)튜브엔터테인먼트,2005-01-21T00:00:00Z
2005,8,26,166,오픈 워터,327347500,0,50611,74,2982,미국,미국,CJ ENM,2005-08-26T00:00:00Z
2005,11,4,167,40살까지 못해본 사람,325572000,0,50339,83,2951,미국,미국,UIP코리아,2005-11-04T00:00:00Z
2005,11,23,168,도쿄타워,325954000,0,50087,75,2700,일본,일본,스폰지,2005-11-23T00:00:00Z
2005,8,19,169,허비,295949000,0,50040,61,2348,미국,미국,브에나비스타인터내셔널코리아,2005-08-19T00:00:00Z
2005,6,2,170,태풍태양,304763000,0,47908,101,3835,한국,한국,쇼이스트(주),2005-06-02T00:00:00Z
2005,8,25,171,스켈리톤 키,305067000,0,46971,89,2833,미국,미국,UIP코리아,2005-08-25T00:00:00Z
2005,5,13,172,킨제이 보고서,275353000,0,43358,79,3007,미국,미국,미디어라인코리아,2005-05-13T00:00:00Z
2005,3,10,173,"여자, 정혜",272748500,0,41713,22,1758,한국,한국,(주)쇼박스,2005-03-10T00:00:00Z
2005,4,8,174,화이트 노이즈,268064500,0,41318,70,2931,미국,미국,UIP코리아,2005-04-08T00:00:00Z
2005,5,26,175,극장전,262191500,0,39407,28,2301,한국,한국,영화사청어람(주),2005-05-26T00:00:00Z
2005,3,25,176,래더 49,241234500,0,38432,73,3021,미국,미국,브에나비스타인터내셔널코리아,2005-03-25T00:00:00Z
2005,12,2,177,둠,224601000,0,34799,61,2371,미국,미국,UIP코리아,2005-12-02T00:00:00Z
2005,7,21,178,샤크보이와 라바걸의 모험 : 3-D,200247000,0,33934,52,1721,미국,미국,소니픽쳐스릴리징코리아,2005-07-21T00:00:00Z
2005,4,1,179,아무도 모른다,212995000,0,33254,11,1272,일본,일본,"(주)디스테이션,(주)동숭아트센터",2005-04-01T00:00:00Z
2005,3,11,180,인게이지먼트,203212500,0,31185,70,2635,프랑스,프랑스,워너브러더스 코리아(주),2005-03-11T00:00:00Z
2005,11,3,181,스테이,199788000,0,31127,56,1691,미국,미국,이십세기폭스필름코퍼레이션,2005-11-03T00:00:00Z
2005,6,30,182,에로스,189042500,0,28827,34,1503,미국,"미국,프랑스,이탈리아,중국,룩셈부르크,영국",스폰지,2005-06-30T00:00:00Z
2005,3,25,183,몽상가들,177404500,0,27181,55,2307,프랑스,프랑스,"찬란,오드",2005-03-25T00:00:00Z
2005,1,21,184,베니티 페어,160329500,0,24771,18,733,미국,미국,스폰지,2005-01-21T00:00:00Z
2005,11,17,185,블루스톰,158791000,0,24729,61,1821,미국,미국,이십세기폭스필름코퍼레이션,2005-11-17T00:00:00Z
2005,4,28,186,폼포코 너구리 대작전,143228000,0,22263,2,372,일본,일본,대원씨앤에이홀딩스,2005-04-28T00:00:00Z
2005,2,18,187,사이드웨이,142913000,0,21975,49,1476,미국,미국,이십세기폭스필름코퍼레이션,2005-02-18T00:00:00Z
2005,5,19,188,세컨핸드 라이온스,122055000,0,21523,17,759,미국,미국,롯데쇼핑㈜롯데엔터테인먼트,2005-05-19T00:00:00Z
2005,7,28,189,그리스 로마신화 - 올림포스 가디언 - 기간테스 대역습,120106500,0,21177,53,1318,한국,한국,"(주)스폰지이엔티,스폰지",2005-07-28T00:00:00Z
2005,4,8,190,쿨,136647000,0,21171,48,1537,미국,미국,이십세기폭스필름코퍼레이션,2005-04-08T00:00:00Z
2005,8,26,191,은하수를 여행하는 히치하이커를 위한 안내서,138314500,0,20292,1,309,미국,미국,브에나비스타인터내셔널코리아,2005-08-26T00:00:00Z
2005,9,2,192,불량공주 모모코,118882500,0,18415,50,1339,일본,일본,CJ ENM,2005-09-02T00:00:00Z
2005,12,9,193,연애,109587000,0,16665,33,1125,한국,한국,CJ ENM,2005-12-09T00:00:00Z
2005,11,17,194,천국의 아이들 2 - 시험보는 날,101039500,0,16349,65,1478,이란,이란,(주)영화사한결,2005-11-17T00:00:00Z
2005,3,25,195,69 식스티 나인,95813000,0,14434,18,818,일본,일본,스폰지,2005-03-25T00:00:00Z
2005,9,15,196,종려나무 숲,88488000,0,14323,30,1156,한국,한국,롯데쇼핑㈜롯데엔터테인먼트,2005-09-15T00:00:00Z
2005,11,11,197,러브토크,90831000,0,13875,42,1338,한국,한국,CJ ENM,2005-11-11T00:00:00Z
2005,3,11,198,맨츄리안 캔디데이트,90074500,0,13826,47,1399,미국,미국,UIP코리아,2005-03-11T00:00:00Z
2005,4,22,199,거북이도 난다,86532000,0,13383,7,713,이란,이란,CJ ENM,2005-04-22T00:00:00Z
2005,12,8,200,브로큰 플라워,91765000,0,13289,3,336,미국,미국,스폰지,2005-12-08T00:00:00Z
2005,11,23,201,레알,74927000,0,11974,55,1676,스페인,스페인,CJ ENM,2005-11-23T00:00:00Z
2005,6,9,202,녹색의자,72700000,0,11015,8,599,한국,한국,(주)미로비젼,2005-06-09T00:00:00Z
2005,11,4,203,골!,69160000,0,10926,48,1286,미국,미국,브에나비스타인터내셔널코리아,2005-11-04T00:00:00Z
2005,9,22,204,토니 타키타니,71307500,0,10524,2,266,일본,일본,스폰지,2005-09-22T00:00:00Z
2005,11,18,205,용서받지 못한 자,68609500,0,10294,15,590,한국,한국,영화사청어람(주),2005-11-18T00:00:00Z
2004,10,29,206,"조제, 호랑이 그리고 물고기들",62453500,0,10269,3,239,일본,일본,"(주)디스테이션,(주)프레인글로벌,(주)스폰지이엔티",2004-10-29T00:00:00Z
2005,2,25,207,피와 뼈,66400000,0,9798,13,493,일본,일본,"(주)영화사 진진,스폰지",2005-02-25T00:00:00Z
2005,8,19,208,바리바리 짱,56822500,0,9750,44,695,한국,한국,CJ ENM,2005-08-19T00:00:00Z
2005,6,17,209,권태,67067500,0,9747,2,265,프랑스,프랑스,㈜영화사 백두대간,2005-06-17T00:00:00Z
2005,6,23,210,스왈로우테일 버터플라이,58483000,0,9152,7,200,일본,일본,(주)튜브엔터테인먼트,2005-06-23T00:00:00Z
2005,2,4,211,우디 앨런의 애니씽 엘스,63030500,0,9096,5,340,미국,미국,(주)동숭아트센터,2005-02-04T00:00:00Z
2005,11,10,212,제2회 메가박스 일본영화제[2005.11.10-11.24],20778000,0,9068,3,133,일본,일본,NA,2005-11-10T00:00:00Z
2005,10,26,213,제6회 서울유럽영화제[2005.10.26-10.30],51856000,0,9045,4,63,NA,NA,NA,2005-10-26T00:00:00Z
NA,NA,NA,214,"[통합]회고전, 기획전 등",47385000,0,8686,2,146,NA,NA,NA,NA
2005,6,23,215,릴리 슈슈의 모든 것,52804000,0,8311,2,99,일본,일본,"(주)미디어캐슬,(주)튜브엔터테인먼트",2005-06-23T00:00:00Z
2005,7,7,216,인 디스 월드,56498000,0,8160,1,218,영국,영국,㈜영화사 백두대간,2005-07-07T00:00:00Z
2005,10,27,217,오픈 레인지,50407500,0,7944,42,980,미국,미국,(주)영화사한결,2005-10-27T00:00:00Z
2004,12,23,218,룩 앳 미,53271500,0,7779,6,291,프랑스,프랑스,(주)스폰지이엔티,2004-12-23T00:00:00Z
2005,9,1,219,에밀과 탐정들,40872500,0,7706,18,300,독일,독일,(주)레드박스엔터테인먼트,2005-09-01T00:00:00Z
2005,9,30,220,헐리우드 엔딩,51910500,0,7664,5,337,미국,미국,㈜영화사 백두대간,2005-09-30T00:00:00Z
2005,11,3,221,CJ 아시아인디영화제[2005.11.3-11.8],25184000,0,7653,4,95,NA,NA,NA,2005-11-03T00:00:00Z
2005,7,7,222,프리즈 프레임,47616500,0,7459,28,698,아일랜드,아일랜드,무비즈엔터테인먼트㈜,2005-07-07T00:00:00Z
2005,10,20,223,카페 뤼미에르,44105500,0,6618,2,285,일본,일본,(주)동숭아트센터,2005-10-20T00:00:00Z
2005,11,4,224,시티 오브 갓,42720000,0,6235,7,263,미국,미국,프리비젼엔터테인먼트,2005-11-04T00:00:00Z
2005,9,23,225,별별 이야기,33471500,0,5878,11,510,한국,한국,"영화사청어람(주),아트플러스시네마네트워크",2005-09-23T00:00:00Z
2004,12,23,226,여고생 시집가기,33573500,0,5587,8,248,한국,한국,무비즈엔터테인먼트㈜,2004-12-23T00:00:00Z
2005,8,26,227,어떤 나라,36158000,0,5539,3,196,영국,영국,(주)동숭아트센터,2005-08-26T00:00:00Z
2005,6,23,228,2005년 미장센 단편영화제,15459500,0,4949,3,61,NA,NA,NA,2005-06-23T00:00:00Z
2005,3,17,229,서스펙트 제로,28196000,0,4918,12,463,미국,미국,소니픽쳐스릴리징코리아,2005-03-17T00:00:00Z
NA,NA,NA,230,SICAF2005 서울국제만화애니페스티벌(0811-0816),21759000,0,4787,4,113,NA,NA,NA,NA
2005,1,7,231,철수♡영희,27249000,0,4465,12,392,한국,한국,스폰지,2005-01-07T00:00:00Z
2005,9,2,232,"라스트 라이프, 라스트 러브",29545500,0,4443,2,202,태국,"태국,일본",(주)영화랑,2005-09-02T00:00:00Z
2005,4,15,233,실비아,29280000,0,4372,9,286,영국,영국,(주)동숭아트센터,2005-04-15T00:00:00Z
2005,10,29,234,2005칸국제광고제 수상작 필름페스티벌,29712500,0,4273,1,42,NA,NA,NA,2005-10-29T00:00:00Z
NA,NA,NA,235,서울애니마떼끄 최강애니전,13053000,0,4226,1,33,NA,NA,NA,NA
2005,10,7,236,리플리스 게임,28005500,0,4059,4,223,이탈리아,이탈리아,스폰지,2005-10-07T00:00:00Z
2005,12,29,237,빅 화이트,24643500,0,3731,36,314,미국,미국,CJ ENM,2005-12-29T00:00:00Z
2005,10,14,238,빨간 구두,25175000,0,3712,7,350,이탈리아,이탈리아,(주)아펙스 엔터테인먼트,2005-10-14T00:00:00Z
2004,12,15,239,엘프,15658500,0,3687,4,136,미국,미국,이십세기폭스코리아(주),2004-12-15T00:00:00Z
2005,5,26,240,제5회프랑스영화제 15편(2005.5.25_6.12),18983500,0,3617,2,115,프랑스,프랑스,NA,2005-05-26T00:00:00Z
2005,5,20,241,추방된 사람들,23167500,0,3592,4,297,프랑스,프랑스,판씨네마(주),2005-05-20T00:00:00Z
2005,8,25,242,초승달과 밤배,21177000,0,3518,6,300,한국,한국,엔넷커뮤니케이션(주),2005-08-25T00:00:00Z
2005,4,29,243,모래와 안개의 집,22249000,0,3404,26,473,미국,미국,미디어라인코리아,2005-04-29T00:00:00Z
2005,1,14,244,깃,18208500,0,3060,7,283,한국,한국,주식회사 루믹스미디어,2005-01-14T00:00:00Z
2005,11,25,245,터치 오브 스파이스,21043000,0,3040,2,96,그리스,그리스,프리비젼엔터테인먼트,2005-11-25T00:00:00Z
2005,9,2,246,루시아,20551000,0,3020,3,153,프랑스,프랑스,스폰지,2005-09-02T00:00:00Z
2005,1,28,247,텐 미니츠 - 첼로,19039000,0,2857,1,60,영국,영국,스폰지,2005-01-28T00:00:00Z
2001,3,1,248,부에나 비스타 소셜 클럽,19034500,0,2759,1,69,독일,독일,오드,2001-03-01T00:00:00Z
2005,12,9,249,서울독립영화제2005,10139500,0,2718,3,76,NA,NA,NA,2005-12-09T00:00:00Z
2005,8,19,250,피오릴레,18039000,0,2629,1,66,프랑스,프랑스,㈜영화사 백두대간,2005-08-19T00:00:00Z
NA,NA,NA,251,2005 [통합]단편영화,13537500,0,2622,4,170,기타,기타,NA,NA
2005,9,23,252,한길수,15238000,0,2534,27,499,한국,한국,미디어라인코리아,2005-09-23T00:00:00Z
2005,11,25,253,다섯은 너무 많아,13993500,0,2521,6,263,한국,한국,"(사)한국독립영화협회,아트플러스시네마네트워크",2005-11-25T00:00:00Z
2005,10,27,254,빙 줄리아,15952000,0,2491,5,224,헝가리,헝가리,(주)쇼타임,2005-10-27T00:00:00Z
2005,6,24,255,마더,15348000,0,2266,1,173,영국,영국,(주)동숭아트센터,2005-06-24T00:00:00Z
2005,5,6,256,에쥬케이터,14741000,0,2232,6,214,독일,독일,스폰지,2005-05-06T00:00:00Z
2004,11,26,257,노트북,13430000,0,2152,3,98,미국,미국,"(주)퍼스트런,TCO(주)더콘텐츠온,글뫼 주식회사,CJ ENM",2004-11-26T00:00:00Z
1982,10,21,258,나는 할렐루야 아줌마였다,10714000,0,2103,1,279,한국,한국,씨네마오병이어(주),1982-10-21T00:00:00Z
2005,8,19,259,로렌조의 밤,14118500,0,2020,1,58,이탈리아,이탈리아,㈜영화사 백두대간,2005-08-19T00:00:00Z
2005,3,18,260,가능한 변화들,13703500,0,2011,6,163,한국,한국,(주)무비넷,2005-03-18T00:00:00Z
2005,10,14,261,과거가 없는 남자,12824500,0,1967,1,175,핀란드,핀란드,(주)영화랑,2005-10-14T00:00:00Z
2005,9,15,262,거칠마루,11599000,0,1886,7,299,한국,한국,"(주)스폰지이엔티,스폰지,아트플러스시네마네트워크",2005-09-15T00:00:00Z
2005,3,4,263,바이브레이터,11817500,0,1750,1,82,일본,일본,스폰지,2005-03-04T00:00:00Z
2005,2,18,264,"독일, 창백한 어머니",11985000,0,1730,1,81,독일,독일,㈜영화사 백두대간,2005-02-18T00:00:00Z
2005,8,26,265,천리마 축구단,11099500,0,1671,1,75,영국,영국,(주)동숭아트센터,2005-08-26T00:00:00Z
2005,7,16,266,사울과 다윗,6610000,0,1652,1,222,이탈리아,"이탈리아,스페인",씨네마오병이어(주),2005-07-16T00:00:00Z
NA,NA,NA,267,아이들이 사는 성,3794000,0,1651,1,44,한국,한국,NA,NA
2006,1,5,268,싸움의 기술,11856000,0,1597,5,11,한국,한국,CJ ENM,2006-01-05T00:00:00Z
2005,2,25,269,스노우 워커,9696500,0,1556,4,143,캐나다,캐나다,필름뱅크(주),2005-02-25T00:00:00Z
2004,11,17,270,영원과 하루,10757000,0,1539,1,42,그리스,"그리스,프랑스,이탈리아",㈜영화사 백두대간,2004-11-17T00:00:00Z
2005,5,5,271,미안해,8689500,0,1423,1,94,일본,일본,㈜인디스토리,2005-05-05T00:00:00Z
2004,8,6,272,망치,4937000,0,1395,2,135,한국,한국,스폰지,2004-08-06T00:00:00Z
2005,5,12,273,활,9480500,0,1382,1,101,한국,한국,NA,2005-05-12T00:00:00Z
2005,9,16,274,레이어 케이크,9532000,0,1377,1,52,영국,영국,소니픽쳐스릴리징코리아,2005-09-16T00:00:00Z
2005,12,8,275,나이트 워치,8998500,0,1364,6,116,러시아,러시아,이십세기폭스필름코퍼레이션,2005-12-08T00:00:00Z
1996,9,21,276,안개속의 풍경,8936000,0,1308,1,34,그리스,"그리스,이탈리아,프랑스",NA,1996-09-21T00:00:00Z
2005,4,15,277,나는 나를 파괴할 권리가 있다,7809000,0,1201,17,340,한국,한국,무비즈엔터테인먼트㈜,2005-04-15T00:00:00Z
2004,12,3,278,마이 제너레이션,5759000,0,1175,2,85,한국,한국,아트플러스시네마네트워크,2004-12-03T00:00:00Z
2005,12,23,279,내 미국 삼촌,8048500,0,1167,1,30,프랑스,프랑스,㈜영화사 백두대간,2005-12-23T00:00:00Z
2005,11,3,280,사랑은 타이밍,7445500,0,1151,1,118,프랑스,프랑스,미디어필름인터내셔날(주),2005-11-03T00:00:00Z
2005,6,10,281,불안,7281000,0,1107,1,174,포르투갈,"포르투갈,프랑스",(주)이모션픽처스,2005-06-10T00:00:00Z
2004,12,3,282,노 맨스 랜드,7423500,0,1092,2,27,프랑스,프랑스,㈜영화사 백두대간,2004-12-03T00:00:00Z
2004,11,26,283,신암행어사,3713000,0,1088,1,67,한국,"한국,일본",(주)시네마서비스,2004-11-26T00:00:00Z
2005,3,11,284,스파이더,7262500,0,1082,1,83,캐나다,캐나다,(주)동숭아트센터,2005-03-11T00:00:00Z
2005,7,15,285,즐거운 경찰,7250000,0,1046,1,8,미국,미국,소니픽쳐스릴리징코리아,2005-07-15T00:00:00Z
2005,4,29,286,카트 레이서,5747000,0,1035,14,184,독일,독일,(주)다음미디어,2005-04-29T00:00:00Z
2004,7,24,287,날으는 돼지 - 해적 마테오,5383000,0,1029,2,40,한국,한국,에이아이씨코리아(AIC KOREA),2004-07-24T00:00:00Z
2005,5,20,288,인투 더 썬,7090000,0,1013,1,6,미국,미국,소니픽쳐스릴리징코리아,2005-05-20T00:00:00Z
2003,8,15,289,엘리시움,2720000,0,987,1,45,한국,한국,아우라엔터테인먼트,2003-08-15T00:00:00Z
2005,7,15,290,목두기 비디오,6735500,0,984,1,75,한국,한국,(주)동숭아트센터,2005-07-15T00:00:00Z
NA,NA,NA,291,2005 캐나다 NFB 신작초청전,3122000,0,978,1,43,미국,미국,NA,NA
2005,7,8,292,드랙퀸 가무단,4887500,0,977,3,81,대만,대만,CJ ENM,2005-07-08T00:00:00Z
2005,10,28,293,황야의 마니투,6747500,0,973,2,47,독일,독일,㈜영화사 백두대간,2005-10-28T00:00:00Z
2004,9,3,294,맥덜,2436000,0,917,1,60,홍콩,홍콩,(주)스폰지이엔티,2004-09-03T00:00:00Z
2004,11,12,295,모터사이클 다이어리,4228500,0,911,1,8,영국,영국,UIP코리아,2004-11-12T00:00:00Z
2005,12,2,296,도쿄 데카당스,6244500,0,896,1,39,일본,일본,㈜영화사 백두대간,2005-12-02T00:00:00Z
2004,9,17,297,나쁜 교육,3510500,0,765,1,7,스페인,스페인,"해피송,(주)스폰지이엔티,(주)홈초이스",2004-09-17T00:00:00Z
NA,NA,NA,297,세계의 욕망 : 디지털 삼인삼색 2005,5118500,0,765,3,151,한국,한국,NA,NA
2005,1,7,299,클리어링,5236000,0,752,3,50,독일,"독일,미국",이십세기폭스필름코퍼레이션,2005-01-07T00:00:00Z
2005,11,18,300,영화소년 샤오핑,5090000,0,747,3,133,중국,중국,D필름,2005-11-18T00:00:00Z
2005,9,16,301,동백꽃,4748500,0,743,4,87,한국,한국,㈜인디스토리,2005-09-16T00:00:00Z
2005,4,28,302,5월의 구름,4528000,0,741,1,179,터키,터키,(주)문필름코리아,2005-04-28T00:00:00Z
2004,11,5,303,우작,4562000,0,737,1,160,터키,터키,(주)문필름코리아,2004-11-05T00:00:00Z
2004,11,12,304,미치고 싶을 때,3389500,0,722,2,41,독일,독일,제이에스필름,2004-11-12T00:00:00Z
2004,8,27,305,엘리펀트,3118500,0,678,1,49,미국,미국,(주)동숭아트센터,2004-08-27T00:00:00Z
2006,1,5,306,퍼햅스 러브,4739000,0,677,3,4,홍콩,홍콩,쇼이스트(주),2006-01-05T00:00:00Z
2005,11,25,307,"안녕, 사요나라",4202000,0,675,4,73,한국,"한국,일본","아트플러스시네마네트워크,(사)한국독립영화협회",2005-11-25T00:00:00Z
2004,11,17,308,여선생 VS 여제자,3791000,0,663,2,67,한국,한국,CJ ENM,2004-11-17T00:00:00Z
2002,11,8,309,텐 미니츠 트럼펫,3809000,0,661,1,19,독일,"독일,영국,미국",(주)스폰지이엔티,2002-11-08T00:00:00Z
2002,11,22,310,바람이 우리를 데려다 주리라,4224000,0,615,1,19,이란,이란,㈜영화사 백두대간,2002-11-22T00:00:00Z
2004,11,12,311,나비효과,3972500,0,612,1,14,미국,미국,(주)쇼박스,2004-11-12T00:00:00Z
2004,11,26,312,클린,2789000,0,601,1,20,프랑스,프랑스,(주)스폰지이엔티,2004-11-26T00:00:00Z
2005,12,9,313,섹스와 철학,3929000,0,578,1,81,프랑스,"프랑스,이란",(주)유레카픽쳐스,2005-12-09T00:00:00Z
1997,5,3,314,비브르 사 비,3843000,0,549,1,15,프랑스,프랑스,"알토미디어(주),㈜영화사 백두대간",1997-05-03T00:00:00Z
2004,5,14,315,더 블루스-소울 오브 맨,2273500,0,515,2,26,독일,독일,(주)스폰지이엔티,2004-05-14T00:00:00Z
2004,5,26,316,옹박 - 무에타이의 후예,3109000,0,506,1,18,태국,태국,(주)쇼박스,2004-05-26T00:00:00Z
2004,4,23,317,밝은 미래,2129500,0,498,1,6,일본,일본,(주)미로비젼,2004-04-23T00:00:00Z
2004,10,23,318,21 그램,2175500,0,483,1,6,미국,미국,(주)영화사한결,2004-10-23T00:00:00Z
2004,3,19,319,송환,2192000,0,482,1,6,한국,한국,㈜인디스토리,2004-03-19T00:00:00Z
2004,7,30,320,취한 말들을 위한 시간,3115000,0,476,1,16,이란,이란,㈜영화사 백두대간,2004-07-30T00:00:00Z
2005,7,8,321,대결,2390500,0,472,3,31,이란,이란,CJ ENM,2005-07-08T00:00:00Z
2005,12,23,322,갇힌 여인,3172000,0,466,1,44,프랑스,"프랑스,벨기에",(주)이모션픽처스,2005-12-23T00:00:00Z
2005,7,8,323,아름다운 세탁기,2318000,0,460,2,19,말레이시아,말레이시아,CJ ENM,2005-07-08T00:00:00Z
2005,10,14,324,신주쿠 여고생 납치사건(완전한 사육),3168000,0,452,2,39,일본,일본,프리비젼엔터테인먼트,2005-10-14T00:00:00Z
2004,2,13,325,알게 될거야,1964000,0,451,1,11,프랑스,"프랑스,이탈리아,독일",(주)스폰지이엔티,2004-02-13T00:00:00Z
2005,7,8,326,사냥꾼,2242000,0,446,3,22,영국,"영국,프랑스,스웨덴,일본",CJ ENM,2005-07-08T00:00:00Z
1997,11,22,327,불안은 영혼을 잠식한다,3052000,0,436,1,4,독일,독일,NA,1997-11-22T00:00:00Z
2004,10,22,328,20 30 40,1864000,0,425,1,6,대만,대만,한국소니픽쳐스릴리징브에나비스타영화㈜,2004-10-22T00:00:00Z
2004,11,12,329,슈퍼 사이즈 미,1747500,0,420,1,3,미국,미국,(주)스튜디오이쩜영,2004-11-12T00:00:00Z
2005,7,8,330,구름의 남쪽,2074500,0,411,2,18,중국,중국,CJ ENM,2005-07-08T00:00:00Z
2002,6,27,331,센과 치히로의 행방불명,1651000,0,410,2,32,일본,일본,씨네그루(주)다우기술,2002-06-27T00:00:00Z
2002,8,9,332,헤드윅,2742000,0,394,1,12,미국,미국,"워너브러더스 코리아(주),(주)엣나인필름,(주)씨네월드",2002-08-09T00:00:00Z
2004,11,26,333,귀여워,1689500,0,392,1,8,한국,한국,(주)튜브엔터테인먼트,2004-11-26T00:00:00Z
2022,7,6,334,큐어,2248000,0,388,1,39,일본,일본,M&M 인터내셔널,2022-07-06T00:00:00Z
1998,1,1,335,체리 향기,2629500,0,376,1,12,프랑스,"프랑스,이란",㈜영화사 백두대간,1998-01-01T00:00:00Z
2005,5,20,336,프락치,2649500,0,372,2,52,한국,한국,CJ ENM,2005-05-20T00:00:00Z
2003,8,8,337,고양이의 보은,1446000,0,360,2,10,일본,일본,CJ ENM,2003-08-08T00:00:00Z
1999,2,6,338,"눈 오는 날의 왈츠(1992,러시아)",2488000,0,359,1,4,러시아,"러시아,프랑스,영국",NA,1999-02-06T00:00:00Z
2005,12,8,339,굿 우먼,2132500,0,345,1,27,미국,"미국,스페인,룩셈부르크,영국",(주)액티버스엔터테인먼트,2005-12-08T00:00:00Z
2005,9,1,340,마태복음,1727000,0,344,1,37,이탈리아,이탈리아,씨네마오병이어(주),2005-09-01T00:00:00Z
2005,7,15,341,섹스 마네킹,1984000,0,340,1,68,미국,미국,미디어소프트,2005-07-15T00:00:00Z
2005,9,1,342,더 로드,2274000,0,338,1,53,미국,미국,미디어필름인터내셔날(주),2005-09-01T00:00:00Z
2005,5,13,343,투엘디케이,2247500,0,330,1,26,일본,일본,(주)아펙스 엔터테인먼트,2005-05-13T00:00:00Z
2009,1,15,344,버터플라이,1451000,0,319,1,16,프랑스,프랑스,"프리비젼엔터테인먼트,퍼스트런피쳐",2009-01-15T00:00:00Z
1997,1,4,345,쥴 앤 짐,2182500,0,312,1,6,프랑스,프랑스,"(주)엣나인필름,㈜영화사 백두대간",1997-01-04T00:00:00Z
2004,10,8,346,웨일 라이더,1303500,0,304,1,7,뉴질랜드,뉴질랜드,무비즈엔터테인먼트㈜,2004-10-08T00:00:00Z
NA,NA,NA,347,회로,1736000,0,302,1,52,일본,일본,NA,NA
2005,1,20,348,리컨스트럭션,2071500,0,296,1,4,덴마크,덴마크,㈜영화사 백두대간,2005-01-20T00:00:00Z
2003,4,18,349,그녀에게,2030000,0,292,1,4,스페인,스페인,"판씨네마(주),(주)미로비젼",2003-04-18T00:00:00Z
2002,3,28,350,복수는 나의 것,1976000,0,284,2,24,한국,한국,CJ ENM,2002-03-28T00:00:00Z
NA,NA,NA,351,애니광 구출! 상영작전(서울 중앙시네마 기획전),1097000,0,282,1,46,NA,NA,NA,NA
2004,8,6,352,나에게 유일한,1223500,0,277,1,3,이탈리아,이탈리아,(주)동숭아트센터,2004-08-06T00:00:00Z
2005,5,20,353,당시,1764000,0,263,1,65,한국,한국,(주)두엔터테인먼트,2005-05-20T00:00:00Z
2004,9,3,354,진주 귀걸이를 한 소녀,1809500,0,262,1,3,영국,영국,"(주)영화사 진진,필름뱅크(주)",2004-09-03T00:00:00Z
2005,9,16,355,랜드 오브 플렌티,1547500,0,257,1,22,독일,독일,스폰지,2005-09-16T00:00:00Z
2005,9,16,356,빛나는 거짓,1701000,0,251,1,51,한국,한국,㈜인디스토리,2005-09-16T00:00:00Z
2001,4,28,357,성냥공장 소녀,1735000,0,248,1,5,핀란드,핀란드,NA,2001-04-28T00:00:00Z
2004,8,6,358,아임 낫 스케어드,1055500,0,232,1,2,스페인,스페인,(주)씨네진,2004-08-06T00:00:00Z
2006,1,20,359,투 브라더스,2126000,0,228,1,2,프랑스,"프랑스,영국",CJ ENM,2006-01-20T00:00:00Z
2004,5,7,360,막달레나 시스터즈,1524000,0,224,1,4,잉글랜드,잉글랜드,(주)인피니티엔터테인먼트,2004-05-07T00:00:00Z
NA,NA,NA,361,[통합]영화패키지상영,2122000,0,217,2,7,NA,NA,NA,NA
2001,8,11,362,포켓몬스터 2 - 루기아의 탄생,858000,0,213,1,6,일본,일본,NA,2001-08-11T00:00:00Z
NA,NA,NA,363,발칙한 미망인,3665000,0,211,1,41,한국,한국,NA,NA
2005,7,8,363,소녀,1423000,0,211,1,36,일본,일본,(주)액티버스엔터테인먼트,2005-07-08T00:00:00Z
2005,12,29,365,올리버 트위스트,1376000,0,204,1,15,체코,체코,(주)시네마서비스,2005-12-29T00:00:00Z
1996,10,19,366,자연의 아이들,1392500,0,199,1,4,아이슬란드,아이슬란드,NA,1996-10-19T00:00:00Z
2004,10,15,367,빈집,920000,0,196,1,10,한국,한국,영화사청어람(주),2004-10-15T00:00:00Z
2004,10,8,368,이노센스,879500,0,195,1,3,일본,일본,(주)시네마서비스,2004-10-08T00:00:00Z
2005,11,3,369,라스트 씬,1164000,0,170,1,24,일본,일본,스폰지,2005-11-03T00:00:00Z
2004,10,22,370,비포 선셋,1014000,0,169,1,34,미국,미국,"THE 픽쳐스,워너브러더스 코리아(주)",2004-10-22T00:00:00Z
2004,2,20,371,아들,701500,0,168,1,2,프랑스,"프랑스,벨기에",(주)동숭아트센터,2004-02-20T00:00:00Z
2006,2,2,372,천상의 소녀,748500,0,162,1,17,아프카니스탄,"아프카니스탄,아일랜드,일본",(주)영화랑,2006-02-02T00:00:00Z
2003,11,21,373,올드보이,1061500,0,158,2,24,한국,한국,"쇼이스트(주),(주)씨제이이엔엠",2003-11-21T00:00:00Z
1997,6,21,374,빠드레 빠드로네,1042000,0,153,1,3,이탈리아,이탈리아,NA,1997-06-21T00:00:00Z
2004,12,10,375,쿼바디스 도미네,861000,0,146,1,27,폴란드,폴란드,신한영화(주),2004-12-10T00:00:00Z
2004,4,30,376,천공의 성 라퓨타,568000,0,142,1,13,일본,일본,대원미디어(주),2004-04-30T00:00:00Z
2006,1,12,377,당신이 그녀라면,907000,0,132,1,1,미국,미국,이십세기폭스코리아(주),2006-01-12T00:00:00Z
2004,7,23,378,돌려차기,478500,0,106,1,3,한국,한국,(주)시네마서비스,2004-07-23T00:00:00Z
2005,6,23,379,피크닉,498000,0,100,1,13,일본,일본,(주)튜브엔터테인먼트,2005-06-23T00:00:00Z
2005,1,14,379,크로커다일 던디 3,650000,0,100,1,1,미국,미국,NA,2005-01-14T00:00:00Z
2006,4,28,381,나그네와 마술사,437000,0,98,1,16,부탄,"부탄,호주",판씨네마(주),2006-04-28T00:00:00Z
2005,4,29,382,소녀검객 아즈미 대혈전 2,646500,0,96,1,14,일본,일본,스폰지,2005-04-29T00:00:00Z
2005,7,7,383,캐산,540000,0,86,2,23,일본,일본,무비센트,2005-07-07T00:00:00Z
2003,6,13,384,역전에 산다,643500,0,85,1,5,한국,한국,(주)시네마서비스,2003-06-13T00:00:00Z
2004,2,5,385,태극기 휘날리며,249000,0,75,1,1,한국,한국,"(주)다자인소프트,(주)쇼박스",2004-02-05T00:00:00Z
1999,4,3,386,이지라이더,384000,0,71,1,1,미국,미국,NA,1999-04-03T00:00:00Z
2004,4,23,387,강령,257500,0,70,1,2,일본,일본,(주)미로비젼,2004-04-23T00:00:00Z
2005,5,13,388,아라가미,452500,0,69,1,17,일본,일본,(주)아펙스 엔터테인먼트,2005-05-13T00:00:00Z
2005,4,22,389,스팽글리쉬,465000,0,67,1,9,미국,미국,소니픽쳐스릴리징코리아,2005-04-22T00:00:00Z
2003,1,30,389,클래식,220000,0,67,1,1,한국,한국,(주)시네마서비스,2003-01-30T00:00:00Z
2005,6,23,389,언두,332000,0,67,1,13,일본,일본,NA,2005-06-23T00:00:00Z
2005,7,7,392,사우스 스트리트의 소매치기,328000,0,65,1,1,미국,미국,NA,2005-07-07T00:00:00Z
2004,12,3,393,발레 교습소,276500,0,55,1,23,한국,한국,CJ ENM,2004-12-03T00:00:00Z
2011,12,1,394,더 블루스: 피아노 블루스,263000,0,53,1,12,미국,미국,NA,2011-12-01T00:00:00Z
NA,NA,NA,395,건크레이지,248000,0,48,1,1,미국,미국,NA,NA
1993,5,15,396,베를린 천사의 시,234000,0,44,1,9,독일,독일,NA,1993-05-15T00:00:00Z
2004,3,5,396,사마리아,152500,0,44,1,2,한국,한국,쇼이스트(주),2004-03-05T00:00:00Z
2004,8,6,398,모두 하고 있습니까?,196000,0,40,1,12,일본,일본,"(주)영화사 진진,(주)스폰지이엔티",2004-08-06T00:00:00Z
2004,4,15,399,범죄의 재구성,129000,0,38,1,1,한국,한국,(주)쇼박스,2004-04-15T00:00:00Z
2002,6,28,400,디오스,157000,0,37,1,2,스페인,스페인,필름뱅크(주),2002-06-28T00:00:00Z
2003,11,28,401,...ing,178000,0,36,1,1,한국,한국,(주)튜브엔터테인먼트,2003-11-28T00:00:00Z
2003,10,24,401,돌스,180000,0,36,1,6,일본,일본,"(주)영화사 진진,(주)스폰지이엔티",2003-10-24T00:00:00Z
2005,1,21,403,마이 러브,174000,0,28,1,2,스페인,스페인,(주)아펙스 엔터테인먼트,2005-01-21T00:00:00Z
2004,6,25,404,아는 여자,150000,0,23,1,9,한국,한국,(주)시네마서비스,2004-06-25T00:00:00Z
2002,6,21,404,미션바라바,125000,0,23,1,6,한국,"한국,일본",NA,2002-06-21T00:00:00Z
2004,1,30,406,자토이치,110000,0,22,1,6,일본,일본,"(주)영화사 진진,인터비스앤파트너스(주)",2004-01-30T00:00:00Z
2004,8,13,407,그 여름 가장 조용한 바다,105000,0,21,1,8,일본,일본,"(주)영화사 진진,(주)스폰지이엔티",2004-08-13T00:00:00Z
2005,3,2,408,언더 서스피션,120000,0,20,1,1,미국,미국,영성프로덕션,2005-03-02T00:00:00Z
2004,8,20,409,3-4X10월,90000,0,18,1,7,일본,일본,(주)스폰지이엔티,2004-08-20T00:00:00Z
2005,3,25,410,800 블렛,109500,0,17,1,3,스페인,스페인,㈜코리아스크린,2005-03-25T00:00:00Z
2003,4,24,411,볼링 포 콜럼바인,69000,0,16,1,6,미국,미국,프라임픽쳐스,2003-04-24T00:00:00Z
2005,3,31,412,걸스 온 탑2,97500,0,15,1,1,독일,독일,㈜코리아스크린,2005-03-31T00:00:00Z
2005,4,1,412,더티댄싱2,97500,0,15,1,1,캐나다,캐나다,(주)마이다스컨텐츠그룹,2005-04-01T00:00:00Z
2002,3,21,414,생활의 발견,77000,0,14,1,5,한국,한국,(주)시네마서비스,2002-03-21T00:00:00Z
NA,NA,NA,415,클로즈 콜,84500,0,13,1,7,미국,미국,NA,NA
2004,5,5,415,여자는 남자의 미래다,76000,0,13,1,9,한국,한국,CJ ENM,2004-05-05T00:00:00Z
1998,4,4,417,강원도의 힘,60000,0,12,1,5,한국,한국,NA,1998-04-04T00:00:00Z
2004,6,25,418,소녀 검객 아즈미 대혈전,55000,0,11,1,4,일본,일본,(주)스폰지이엔티,2004-06-25T00:00:00Z
2005,1,27,419,레이징 헬렌,67000,0,10,1,6,미국,미국,브에나비스타인터내셔널코리아,2005-01-27T00:00:00Z
2003,10,31,420,정사,45000,0,9,1,3,프랑스,"프랑스,영국,스페인,독일","(주)스폰지이엔티,스크린조이",2003-10-31T00:00:00Z
2000,5,27,420,오! 수정,48500,0,9,1,4,한국,한국,브에나비스타인터내셔널코리아,2000-05-27T00:00:00Z
2004,9,3,422,거미숲,51000,0,8,1,4,한국,한국,영화사청어람(주),2004-09-03T00:00:00Z
1996,5,15,422,돼지가 우물에 빠진 날,46000,0,8,1,4,한국,한국,NA,1996-05-15T00:00:00Z
2004,12,24,424,서바이빙 크리스마스,31500,0,6,1,4,미국,미국,CJ ENM,2004-12-24T00:00:00Z
NA,NA,NA,425,"월래스와 그로밋(단편상영, CGV영화제행사용)",20500,0,3,1,4,영국,영국,NA,NA
2004,6,30,425,인어 공주,19500,0,3,1,2,한국,한국,CJ ENM,2004-06-30T00:00:00Z
2002,6,21,425,판타스틱 소녀백서,15000,0,3,1,2,영국,영국,시나브로엔터테인먼트(주),2002-06-21T00:00:00Z
2003,2,21,425,검은 물밑에서,15000,0,3,1,4,일본,일본,NA,2003-02-21T00:00:00Z
2004,12,31,425,투 터프 가이즈,18000,0,3,1,2,스페인,스페인,씨네파크,2004-12-31T00:00:00Z
2005,3,3,430,알렉스와 엠마,13000,0,2,1,1,미국,미국,코리아픽쳐스(주),2005-03-03T00:00:00Z
2002,10,1,430,트리플 엑스,16000,0,2,1,1,미국,미국,한국소니픽쳐스릴리징브에나비스타영화㈜,2002-10-01T00:00:00Z
2004,7,16,430,해리포터와 아즈카반의 죄수,14000,0,2,1,5,미국,미국,워너브러더스 코리아(주),2004-07-16T00:00:00Z
2005,2,24,430,스나이퍼 3,11000,0,2,1,2,미국,미국,소니픽쳐스릴리징코리아,2005-02-24T00:00:00Z
2006,3,30,434,나스카 카레이싱3D,0,0,0,2,6,캐나다,캐나다,씨제이 씨지브이(CJ CGV)(주),2006-03-30T00:00:00Z
2001,3,3,434,여우령,0,0,0,1,2,일본,일본,NA,2001-03-03T00:00:00Z
2000,7,29,434,"링2(1999년, 일본판)",0,0,0,1,1,일본,일본,NA,2000-07-29T00:00:00Z
2003,4,4,434,지구를 지켜라,0,0,0,1,1,한국,한국,CJ ENM,2003-04-04T00:00:00Z
2004,3,26,434,허니,0,0,0,1,1,미국,미국,UIP코리아,2004-03-26T00:00:00Z
NA,NA,NA,434,마다가스카 펭귄들의 크리스마스 미션,0,0,0,1,2,미국,미국,NA,NA
2004,6,18,434,슈렉2,0,0,0,1,2,미국,미국,CJ ENM,2004-06-18T00:00:00Z
NA,NA,NA,441,니벨룽겐의 반지,-131000,0,-21,1,4,미국,미국,소니픽쳐스릴리징코리아,NA
